{
    "_comment": "DO NOT EDIT: FILE GENERATED AUTOMATICALLY BY PTERODACTYL PANEL - PTERODACTYL.IO",
    "meta": {
        "version": "PTDL_v1"
    },
    "exported_at": "2019-06-02T11:29:46+02:00",
    "name": "Attack of the B-Team",
    "author": "support@pterodactyl.io",
    "description": "This modpack was designed with one thing in mind, crazy mad science! With the help of the B-Team we hand picked the wackiest mods we could find and shoved them all in a modpack for you guys. The result is Attack of the B-Team!",
    "image": "quay.io\/pterodactyl\/core:java",
    "startup": "java -Xms128M -Xmx{{SERVER_MEMORY}}M -jar BTeam.jar",
    "config": {
        "files": "{\r\n    \"server.properties\": {\r\n        \"parser\": \"properties\",\r\n        \"find\": {\r\n            \"server-ip\": \"0.0.0.0\",\r\n            \"server-port\": \"{{server.build.default.port}}\",\r\n            \"query.port\": \"{{server.build.default.port}}\"\r\n        }\r\n    }\r\n}",
        "startup": "{\r\n    \"done\": \")! For help, type \",\r\n    \"userInteraction\": [\r\n        \"Go to eula.txt for more info.\"\r\n    ]\r\n}",
        "logs": "{\r\n    \"custom\": false,\r\n    \"location\": \"logs\/latest.log\"\r\n}",
        "stop": "stop"
    },
    "scripts": {
        "installation": {
            "script": "#!\/bin\/ash\r\n# Forge Installation Script\r\n#\r\n# Server Files: \/mnt\/server\r\napk update\r\napk add curl\r\n\r\ncd \/mnt\/server\r\n\r\ncurl -sS http:\/\/servers.technicpack.net\/Technic\/servers\/bteam\/BTeam_Server_v$MODPACK_VERSION.zip -o BTeam_Server_v$MODPACK_VERSION.zip\r\n\r\nunzip BTeam_Server_v$MODPACK_VERSION.zip\r\n\r\nrm -rf BTeam_Server_v$MODPACK_VERSION.zip",
            "container": "alpine:3.9",
            "entrypoint": "ash"
        }
    },
    "variables": [
        {
            "name": "Modpack Version",
            "description": "Version of the modpack to use",
            "env_variable": "MODPACK_VERSION",
            "default_value": "1.0.12c",
            "user_viewable": 1,
            "user_editable": 1,
            "rules": "required|string|max:20"
        }
    ]
}
