{
    "_comment": "DO NOT EDIT: FILE GENERATED AUTOMATICALLY BY PTERODACTYL PANEL - PTERODACTYL.IO",
    "meta": {
        "version": "PTDL_v1"
    },
    "exported_at": "2020-10-19T23:26:07+00:00",
    "name": "Paper",
    "author": "parker@pterodactyl.io",
    "description": "High performance Spigot fork that aims to fix gameplay and mechanics inconsistencies.",
    "image": "quay.io\/pterodactyl\/core:java-11",
    "images": [
        "quay.io\/pterodactyl\/core:java",
        "quay.io\/pterodactyl\/core:java-11"
    ],
    "startup": "java -Xms128M -Xmx{{SERVER_MEMORY}}M -Dterminal.jline=false -Dterminal.ansi=true -jar {{SERVER_JARFILE}}",
    "config": {
        "files": "{\r\n    \"server.properties\": {\r\n        \"parser\": \"properties\",\r\n        \"find\": {\r\n            \"server-ip\": \"0.0.0.0\",\r\n            \"server-port\": \"{{server.build.default.port}}\"\r\n        }\r\n    }\r\n}",
        "startup": "{\r\n    \"done\": \")! For help, type \",\r\n    \"userInteraction\": [\r\n        \"Go to eula.txt for more info.\"\r\n    ]\r\n}",
        "logs": "{}",
        "stop": "stop"
    },
    "scripts": {
        "installation": {
            "script": "#!\/bin\/bash\r\n# Paper Installation Script\r\n#\r\n# Server Files: \/mnt\/server\r\napt update\r\napt install -y curl jq\r\n\r\nif [ -n \"${DL_PATH}\" ]; then\r\n    echo -e \"using supplied download url\"\r\n    DOWNLOAD_URL=`eval echo $(echo ${DL_PATH} | sed -e 's\/{{\/${\/g' -e 's\/}}\/}\/g')`\r\nelse\r\n    VER_EXISTS=`curl -s https:\/\/papermc.io\/api\/v1\/paper | jq -r --arg VERSION $MINECRAFT_VERSION '.versions[] | IN($VERSION)' | grep true`\r\n    LATEST_PAPER_VERSION=`curl -s https:\/\/papermc.io\/api\/v1\/paper | jq -r '.versions' | jq -r '.[0]'`\r\n    \r\n    if [ \"${VER_EXISTS}\" == \"true\" ]; then\r\n        echo -e \"Version is valid. Using version ${MINECRAFT_VERSION}\"\r\n    else\r\n        echo -e \"Using the latest paper version\"\r\n        MINECRAFT_VERSION=${LATEST_PAPER_VERSION}\r\n    fi\r\n    \r\n    BUILD_EXISTS=`curl -s https:\/\/papermc.io\/api\/v1\/paper\/${MINECRAFT_VERSION} | jq -r --arg BUILD ${BUILD_NUMBER} '.builds.all[] | IN($BUILD)' | grep true`\r\n    LATEST_PAPER_BUILD=`curl -s https:\/\/papermc.io\/api\/v1\/paper\/${MINECRAFT_VERSION} | jq -r '.builds.latest'`\r\n    \r\n    if [ \"${BUILD_EXISTS}\" == \"true\" ] || [ ${BUILD_NUMBER} == \"latest\" ]; then\r\n        echo -e \"Build is valid. Using version ${BUILD_NUMBER}\"\r\n    else\r\n        echo -e \"Using the latest paper build\"\r\n        BUILD_NUMBER=${LATEST_PAPER_BUILD}\r\n    fi\r\n    \r\n    echo \"Version being downloaded\"\r\n    echo -e \"MC Version: ${MINECRAFT_VERSION}\"\r\n    echo -e \"Build: ${BUILD_NUMBER}\"\r\n    DOWNLOAD_URL=https:\/\/papermc.io\/api\/v1\/paper\/${MINECRAFT_VERSION}\/${BUILD_NUMBER}\/download \r\nfi\r\n\r\ncd \/mnt\/server\r\n\r\necho -e \"running curl -o ${SERVER_JARFILE} ${DOWNLOAD_URL}\"\r\n\r\nif [ -f ${SERVER_JARFILE} ]; then\r\n    mv ${SERVER_JARFILE} ${SERVER_JARFILE}.old\r\nfi\r\n\r\ncurl -o ${SERVER_JARFILE} ${DOWNLOAD_URL}\r\n\r\nif [ ! -f server.properties ]; then\r\n    echo -e \"Downloading MC server.properties\"\r\n    curl -o server.properties https:\/\/raw.githubusercontent.com\/parkervcp\/eggs\/master\/minecraft\/java\/server.properties\r\nfi",
            "container": "debian:buster-slim",
            "entrypoint": "bash"
        }
    },
    "variables": [
        {
            "name": "Minecraft Version",
            "description": "The version of minecraft to download. \r\n\r\nLeave at latest to always get the latest version. Invalid versions will default to latest.",
            "env_variable": "MINECRAFT_VERSION",
            "default_value": "latest",
            "user_viewable": true,
            "user_editable": false,
            "rules": "nullable|string|max:20"
        },
        {
            "name": "Server Jar File",
            "description": "The name of the server jarfile to run the server with.",
            "env_variable": "SERVER_JARFILE",
            "default_value": "server.jar",
            "user_viewable": true,
            "user_editable": true,
            "rules": "required|string|max:20"
        },
        {
            "name": "Download Path",
            "description": "A URL to use to download a server.jar rather than the ones in the install script. This is not user viewable.",
            "env_variable": "DL_PATH",
            "default_value": "",
            "user_viewable": false,
            "user_editable": false,
            "rules": "nullable|string"
        },
        {
            "name": "Build Number",
            "description": "The build number for the paper release.\r\n\r\nLeave at latest to always get the latest version. Invalid versions will default to latest.",
            "env_variable": "BUILD_NUMBER",
            "default_value": "latest",
            "user_viewable": true,
            "user_editable": false,
            "rules": "required|string|max:20"
        }
    ]
}